{"_wandb":{"runtime":915},"mean_distinct_2":0.5545582865384026,"eval_loss":0.20538525943187436,"_runtime":915,"mean_distinct_3":0.7740652872458632,"mean_rep_2":0.4454417134615974,"eval_ppl":1.2279980716816163,"mean_rep_3":0.22593471275413676,"_step":1,"eval_tokens":1.1682048e+07,"mean_len_tokens":71.33333333333333,"_timestamp":1.7719138998573802e+09,"eval_samples":{"log_mode":"IMMUTABLE","ncols":7,"nrows":3,"size":2924,"artifact_path":"wandb-client-artifact://el6ryhth2icghbaqpdvhdu0acpnsqnhh87zq7xyzyto9md1wxuj7846x8kiatcztwrsw1p31bvjcwplqhzy9yel20vkhbohavexy7ic27snra7skrpcjp5souwr46sjf/eval_samples.table.json","path":"media/table/eval_samples_1_f8a0fd5dc880802f9ee7.table.json","_type":"table-file","sha256":"f8a0fd5dc880802f9ee7a7aa5c5f4379e20d5463ce3f2a668175a41a649152bf","_latest_artifact_path":"wandb-client-artifact://sdewe0iqti10xw2naj2c8vwxatjxl1kajc18jywrb1nirrra9lbb4o7vo779fiq4xchmc9j5r9dpjedcl35gdk933butbq5klhts512v8iv4f575xlp0osyb4lo9kr6o:latest/eval_samples.table.json"}}